Measure,Device,SerialNum,CalibDate,Location
Audiogram,GSI AudioStar Pro,12345,1/1/2024,LYLE3069
QuickSIN,GSI AudioStar Pro,12345,1/1/2024,LYLE3069
WBT,Interacoustics Titan,3456,1/1/2024,LYLE3069
DPOAE,Interacoustics Titan,3456,1/1/2024,LYLE3069
Reflexes,Interacoustics Titan,3456,1/1/2024,LYLE3069
Audiogram,GSI AudioStar Pro,5774,1/2/2024,APARC-Indy
QuickSIN,GSI AudioStar Pro,45799,1/2/2024,APARC-Indy
WBT,Interacoustics Titan,5675563,1/2/2024,APARC-Indy
DPOAE,Interacoustics Titan,23245,1/2/2024,APARC-Indy
Reflexes,Interacoustics Titan,12314,1/2/2024,APARC-Indy
